{"cameraMode":{"drawMode":0,"name":"Shaded","section":"Shading Mode"},"sceneLighting":true,"audioPlay":false,"sceneViewState":{"showFog":true,"showMaterialUpdate":false,"showSkybox":true,"showFlares":true,"showImageEffects":true,"showParticleSystems":true},"in2DMode":false,"pivot":{"x":316.9912109375,"y":-1113.2366943359375,"z":-229.9671630859375},"rotation":{"x":-0.04790598899126053,"y":0.9401503801345825,"z":-0.1487361341714859,"w":-0.3029283285140991},"size":474.8157043457031,"orthographic":true}