{"cameraMode":{"drawMode":0,"name":"Shaded","section":"Shading Mode"},"sceneLighting":true,"audioPlay":false,"sceneViewState":{"showFog":true,"showMaterialUpdate":false,"showSkybox":true,"showFlares":true,"showImageEffects":true,"showParticleSystems":true},"in2DMode":false,"pivot":{"x":662.5051879882813,"y":-1030.453857421875,"z":-285.7701416015625},"rotation":{"x":0.2889067232608795,"y":-0.3778904378414154,"z":0.12539680302143098,"w":0.8706433773040772},"size":1089.5025634765625,"orthographic":true}