{"cameraMode":{"drawMode":0,"name":"Shaded","section":"Shading Mode"},"sceneLighting":true,"audioPlay":false,"sceneViewState":{"showFog":true,"showMaterialUpdate":false,"showSkybox":true,"showFlares":true,"showImageEffects":true,"showParticleSystems":true},"in2DMode":false,"pivot":{"x":-214.853759765625,"y":-988.546630859375,"z":-241.68411254882813},"rotation":{"x":-0.07794257253408432,"y":-0.687233030796051,"z":0.07446345686912537,"w":-0.7184436917304993},"size":517.125,"orthographic":true}