{"cameraMode":{"drawMode":0,"name":"Shaded","section":"Shading Mode"},"sceneLighting":true,"audioPlay":false,"sceneViewState":{"showFog":true,"showMaterialUpdate":false,"showSkybox":true,"showFlares":true,"showImageEffects":true,"showParticleSystems":true},"in2DMode":false,"pivot":{"x":-269.271240234375,"y":-829.359619140625,"z":-220.59713745117188},"rotation":{"x":-0.004273340106010437,"y":-0.9935892224311829,"z":0.10621803998947144,"w":-0.03936520963907242},"size":746.6326904296875,"orthographic":true}