{"cameraMode":{"drawMode":0,"name":"Shaded","section":"Shading Mode"},"sceneLighting":true,"audioPlay":false,"sceneViewState":{"showFog":true,"showMaterialUpdate":false,"showSkybox":true,"showFlares":true,"showImageEffects":true,"showParticleSystems":true},"in2DMode":false,"pivot":{"x":226.486083984375,"y":-1087.473876953125,"z":-247.7847137451172},"rotation":{"x":0.012299121357500553,"y":-0.7250353693962097,"z":-0.013139929622411728,"w":-0.6885407567024231},"size":157.16949462890626,"orthographic":true}